-- phpMyAdmin SQL Dump
-- version 5.2.1
-- https://www.phpmyadmin.net/
--
-- Host: 127.0.0.1
-- Generation Time: May 26, 2026 at 06:13 AM
-- Server version: 10.4.32-MariaDB
-- PHP Version: 8.2.12

SET SQL_MODE = "NO_AUTO_VALUE_ON_ZERO";
START TRANSACTION;
SET time_zone = "+00:00";


/*!40101 SET @OLD_CHARACTER_SET_CLIENT=@@CHARACTER_SET_CLIENT */;
/*!40101 SET @OLD_CHARACTER_SET_RESULTS=@@CHARACTER_SET_RESULTS */;
/*!40101 SET @OLD_COLLATION_CONNECTION=@@COLLATION_CONNECTION */;
/*!40101 SET NAMES utf8mb4 */;

--
-- Database: `dnhs_stud_perf_db`
--

-- --------------------------------------------------------

--
-- Table structure for table `account`
--

CREATE TABLE `account` (
  `account_id` int(11) NOT NULL,
  `personnel_id` int(11) NOT NULL,
  `username` varchar(50) NOT NULL,
  `password` varchar(255) NOT NULL,
  `access_level` varchar(20) NOT NULL
) ENGINE=InnoDB DEFAULT CHARSET=utf8mb4 COLLATE=utf8mb4_general_ci;

--
-- Dumping data for table `account`
--

INSERT INTO `account` (`account_id`, `personnel_id`, `username`, `password`, `access_level`) VALUES
(1, 2000, 'simperial_admin', 'DNHS_Admin2026', 'Admin'),
(2, 1003, 'rdalisay_reg', 'DNHS_Reg2026', 'Registrar'),
(3, 1001, 'jsingh_dnhs', 'Teacher123', 'Teacher'),
(4, 1002, 'msantos_dnhs', 'Teacher123', 'Teacher'),
(5, 1004, 'lberces_dnhs', 'Teacher123', 'Teacher'),
(6, 1005, 'fbelen_dnhs', 'Teacher123', 'Teacher'),
(7, 1006, 'cbañares_guidance', 'Guidance2026', 'Staff'),
(8, 1007, 'gbaldoza_lib', 'Library2026', 'Staff'),
(9, 1008, 'eariola_dnhs', 'DNHS_Pass2026', 'Teacher'),
(10, 1009, 'rborja_dnhs', 'DNHS_Pass2026', 'Teacher'),
(11, 1010, 'mbardon_dnhs', 'DNHS_Pass2026', 'Teacher'),
(12, 1011, 'ebelleza_dnhs', 'DNHS_Pass2026', 'Teacher'),
(13, 1012, 'zrabino_dnhs', 'DNHS_Pass2026', 'Teacher'),
(14, 1013, 'vresurreccion_dnhs', 'DNHS_Pass2026', 'Teacher'),
(15, 1014, 'rromano_dnhs', 'DNHS_Pass2026', 'Teacher'),
(16, 1015, 'mbiazon_dnhs', 'DNHS_Pass2026', 'Teacher'),
(17, 1016, 'tbalce_dnhs', 'DNHS_Pass2026', 'Teacher'),
(18, 1017, 'jbarrios_dnhs', 'DNHS_Pass2026', 'Teacher'),
(19, 1018, 'lbuenafe_dnhs', 'DNHS_Pass2026', 'Teacher'),
(20, 1019, 'abriones_dnhs', 'DNHS_Pass2026', 'Teacher'),
(21, 1020, 'ialegre_dnhs', 'DNHS_Pass2026', 'Teacher'),
(22, 1021, 'despinas_dnhs', 'DNHS_Pass2026', 'Teacher'),
(23, 1022, 'nfloranza_dnhs', 'DNHS_Pass2026', 'Teacher'),
(24, 1023, 'ogarcia_dnhs', 'DNHS_Pass2026', 'Teacher'),
(25, 1024, 'phernandez_dnhs', 'DNHS_Pass2026', 'Teacher'),
(26, 1025, 'ribañez_dnhs', 'DNHS_Pass2026', 'Teacher'),
(27, 1026, 'gjimenez_dnhs', 'DNHS_Pass2026', 'Teacher'),
(28, 1027, 'bluces_dnhs', 'DNHS_Pass2026', 'Teacher'),
(29, 1028, 'cmillena_dnhs', 'DNHS_Pass2026', 'Teacher'),
(30, 1029, 'enimo_dnhs', 'DNHS_Pass2026', 'Teacher'),
(31, 1030, 'vorea_dnhs', 'DNHS_Pass2026', 'Teacher'),
(32, 1031, 'apaguia_dnhs', 'DNHS_Pass2026', 'Teacher'),
(33, 1032, 'dquintana_dnhs', 'DNHS_Pass2026', 'Teacher'),
(34, 1033, 'nsayson_dnhs', 'DNHS_Pass2026', 'Teacher'),
(35, 1034, 'otuazon_dnhs', 'DNHS_Pass2026', 'Teacher'),
(36, 1035, 'wvallarez_dnhs', 'DNHS_Pass2026', 'Teacher'),
(37, 1036, 'ealmayda_dnhs', 'DNHS_Pass2026', 'Teacher'),
(38, 1037, 'rbasabe_dnhs', 'DNHS_Pass2026', 'Teacher'),
(39, 1038, 'pcardano_dnhs', 'DNHS_Pass2026', 'Teacher'),
(40, 1039, 'hdioneda_dnhs', 'DNHS_Pass2026', 'Teacher'),
(41, 1040, 'lestipona_dnhs', 'DNHS_Pass2026', 'Teacher'),
(42, 1041, 'bfrondoza_dnhs', 'DNHS_Pass2026', 'Teacher'),
(43, 1042, 'agoyena_dnhs', 'DNHS_Pass2026', 'Teacher'),
(44, 1043, 'chonrado_dnhs', 'DNHS_Pass2026', 'Teacher'),
(45, 1044, 'micaro_dnhs', 'DNHS_Pass2026', 'Teacher'),
(46, 1045, 'ljalmanzar_dnhs', 'DNHS_Pass2026', 'Teacher'),
(47, 1046, 'flanuza_dnhs', 'DNHS_Pass2026', 'Teacher'),
(48, 1047, 'mmanansala_dnhs', 'DNHS_Pass2026', 'Teacher'),
(49, 1048, 'pnavarro_dnhs', 'DNHS_Pass2026', 'Teacher'),
(50, 1049, 'rquinto_dnhs', 'DNHS_Pass2026', 'Teacher'),
(51, 1050, 'stiongson_dnhs', 'DNHS_Pass2026', 'Teacher'),
(52, 1051, 'aubaldo_dnhs', 'DNHS_Pass2026', 'Teacher'),
(53, 1052, 'vvaldez_dnhs', 'DNHS_Pass2026', 'Teacher'),
(54, 1053, 'cwong_dnhs', 'DNHS_Pass2026', 'Teacher'),
(72, 1054, 'rbelen_staff', 'DNHS_Staff2026', 'Support'),
(73, 1055, 'eimperial_staff', 'DNHS_Staff2026', 'Support'),
(74, 1056, 'dbaldo_staff', 'DNHS_Staff2026', 'Support'),
(75, 1057, 'eborja_staff', 'DNHS_Staff2026', 'Support'),
(76, 1058, 'preondanga_staff', 'DNHS_Staff2026', 'Support'),
(77, 1059, 'mberces_staff', 'DNHS_Staff2026', 'Support'),
(78, 1060, 'lbañares_staff', 'DNHS_Staff2026', 'Support'),
(79, 1061, 'fimperial_staff', 'DNHS_Staff2026', 'Support'),
(80, 1062, 'fbelleza_staff', 'DNHS_Staff2026', 'Support'),
(81, 1063, 'irabino_staff', 'DNHS_Staff2026', 'Support'),
(82, 1064, 'cromano_staff', 'DNHS_Staff2026', 'Support'),
(83, 1065, 'abiazon_staff', 'DNHS_Staff2026', 'Support'),
(84, 1066, 'nbarrios_staff', 'DNHS_Staff2026', 'Support'),
(85, 1067, 'rbuenafe_staff', 'DNHS_Staff2026', 'Support'),
(86, 1068, 'mbriones_staff', 'DNHS_Staff2026', 'Support');

-- --------------------------------------------------------

--
-- Table structure for table `attendance`
--

CREATE TABLE `attendance` (
  `attendance_id` int(11) NOT NULL,
  `stud_lrn` char(12) NOT NULL,
  `class_id` int(11) NOT NULL,
  `teacher_id` int(11) NOT NULL,
  `date` date NOT NULL,
  `status` varchar(10) NOT NULL
) ENGINE=InnoDB DEFAULT CHARSET=utf8mb4 COLLATE=utf8mb4_general_ci;

--
-- Dumping data for table `attendance`
--

INSERT INTO `attendance` (`attendance_id`, `stud_lrn`, `class_id`, `teacher_id`, `date`, `status`) VALUES
(53, '20260007', 201, 1002, '2026-04-22', 'Present'),
(54, '20260007', 201, 1002, '2026-04-23', 'Present'),
(55, '20260007', 201, 1002, '2026-04-24', 'Present'),
(56, '20260007', 201, 1002, '2026-04-25', 'Present'),
(57, '20260007', 201, 1002, '2026-04-26', 'Present'),
(58, '20260008', 201, 1002, '2026-04-20', 'Present'),
(59, '20260008', 201, 1002, '2026-04-21', 'Present'),
(60, '20260008', 201, 1002, '2026-04-22', 'Present'),
(61, '20260008', 201, 1002, '2026-04-23', 'Present'),
(62, '20260008', 201, 1002, '2026-04-24', 'Present'),
(63, '20260008', 201, 1002, '2026-04-25', 'Present'),
(64, '20260008', 201, 1002, '2026-04-26', 'Present'),
(65, '20260009', 201, 1002, '2026-04-20', 'Absent'),
(66, '20260009', 201, 1002, '2026-04-21', 'Present'),
(67, '20260009', 201, 1002, '2026-04-22', 'Present'),
(68, '20260009', 201, 1002, '2026-04-23', 'Present'),
(69, '20260009', 201, 1002, '2026-04-24', 'Present'),
(70, '20260009', 201, 1002, '2026-04-25', 'Present'),
(71, '20260009', 201, 1002, '2026-04-26', 'Present'),
(72, '20260010', 201, 1002, '2026-04-20', 'Present'),
(73, '20260010', 201, 1002, '2026-04-21', 'Present'),
(74, '20260010', 201, 1002, '2026-04-22', 'Present'),
(75, '20260010', 201, 1002, '2026-04-23', 'Present'),
(76, '20260010', 201, 1002, '2026-04-24', 'Present'),
(77, '20260010', 201, 1002, '2026-04-25', 'Present'),
(78, '20260010', 201, 1002, '2026-04-26', 'Present'),
(79, '20260011', 201, 1002, '2026-04-20', 'Present'),
(80, '20260011', 201, 1002, '2026-04-21', 'Present'),
(81, '20260011', 201, 1002, '2026-04-22', 'Present'),
(82, '20260011', 201, 1002, '2026-04-23', 'Absent'),
(83, '20260011', 201, 1002, '2026-04-24', 'Present'),
(84, '20260011', 201, 1002, '2026-04-25', 'Absent'),
(85, '20260011', 201, 1002, '2026-04-26', 'Present'),
(86, '20260012', 201, 1002, '2026-04-20', 'Present'),
(87, '20260012', 201, 1002, '2026-04-21', 'Present'),
(88, '20260012', 201, 1002, '2026-04-22', 'Present'),
(89, '20260012', 201, 1002, '2026-04-23', 'Absent'),
(90, '20260012', 201, 1002, '2026-04-24', 'Present'),
(91, '20260012', 201, 1002, '2026-04-25', 'Present'),
(92, '20260012', 201, 1002, '2026-04-26', 'Present'),
(93, '20260013', 201, 1002, '2026-04-20', 'Present'),
(94, '20260013', 201, 1002, '2026-04-21', 'Present'),
(95, '20260013', 201, 1002, '2026-04-22', 'Present'),
(96, '20260013', 201, 1002, '2026-04-23', 'Present'),
(97, '20260013', 201, 1002, '2026-04-24', 'Present'),
(98, '20260013', 201, 1002, '2026-04-25', 'Present'),
(99, '20260013', 201, 1002, '2026-04-26', 'Present'),
(100, '20260014', 201, 1002, '2026-04-20', 'Present'),
(101, '20260014', 201, 1002, '2026-04-21', 'Present'),
(102, '20260014', 201, 1002, '2026-04-22', 'Present'),
(103, '20260014', 201, 1002, '2026-04-23', 'Present'),
(104, '20260014', 201, 1002, '2026-04-24', 'Present'),
(105, '20260014', 201, 1002, '2026-04-25', 'Present'),
(106, '20260014', 201, 1002, '2026-04-26', 'Absent'),
(107, '20260015', 201, 1002, '2026-04-20', 'Present'),
(108, '20260015', 201, 1002, '2026-04-21', 'Present'),
(109, '20260015', 201, 1002, '2026-04-22', 'Present'),
(110, '20260015', 201, 1002, '2026-04-23', 'Present'),
(111, '20260015', 201, 1002, '2026-04-24', 'Present'),
(112, '20260015', 201, 1002, '2026-04-25', 'Present'),
(113, '20260015', 201, 1002, '2026-04-26', 'Present'),
(114, '20260016', 201, 1002, '2026-04-20', 'Present'),
(115, '20260016', 201, 1002, '2026-04-21', 'Present'),
(116, '20260016', 201, 1002, '2026-04-22', 'Present'),
(117, '20260016', 201, 1002, '2026-04-23', 'Present'),
(118, '20260016', 201, 1002, '2026-04-24', 'Present'),
(119, '20260016', 201, 1002, '2026-04-25', 'Present'),
(120, '20260016', 201, 1002, '2026-04-26', 'Present'),
(121, '20260017', 201, 1002, '2026-04-20', 'Absent'),
(122, '20260017', 201, 1002, '2026-04-21', 'Present'),
(123, '20260017', 201, 1002, '2026-04-22', 'Present'),
(124, '20260017', 201, 1002, '2026-04-23', 'Present'),
(125, '20260017', 201, 1002, '2026-04-24', 'Present'),
(126, '20260017', 201, 1002, '2026-04-25', 'Present'),
(127, '20260017', 201, 1002, '2026-04-26', 'Present'),
(128, '20260018', 201, 1002, '2026-04-20', 'Present'),
(129, '20260018', 201, 1002, '2026-04-21', 'Present'),
(130, '20260018', 201, 1002, '2026-04-22', 'Present'),
(131, '20260018', 201, 1002, '2026-04-23', 'Present'),
(132, '20260018', 201, 1002, '2026-04-24', 'Present'),
(133, '20260018', 201, 1002, '2026-04-25', 'Present'),
(134, '20260018', 201, 1002, '2026-04-26', 'Absent'),
(135, '20260019', 201, 1002, '2026-04-20', 'Present'),
(136, '20260019', 201, 1002, '2026-04-21', 'Present'),
(137, '20260019', 201, 1002, '2026-04-22', 'Present'),
(138, '20260019', 201, 1002, '2026-04-23', 'Present'),
(139, '20260019', 201, 1002, '2026-04-24', 'Present'),
(140, '20260019', 201, 1002, '2026-04-25', 'Present'),
(141, '20260019', 201, 1002, '2026-04-26', 'Present'),
(142, '20260020', 201, 1002, '2026-04-20', 'Present'),
(143, '20260020', 201, 1002, '2026-04-21', 'Present'),
(144, '20260020', 201, 1002, '2026-04-22', 'Present'),
(145, '20260020', 201, 1002, '2026-04-23', 'Present'),
(146, '20260020', 201, 1002, '2026-04-24', 'Present'),
(147, '20260020', 201, 1002, '2026-04-25', 'Present'),
(148, '20260020', 201, 1002, '2026-04-26', 'Present'),
(149, '20260021', 201, 1002, '2026-04-20', 'Present'),
(150, '20260021', 201, 1002, '2026-04-21', 'Present'),
(151, '20260021', 201, 1002, '2026-04-22', 'Present'),
(152, '20260021', 201, 1002, '2026-04-23', 'Present'),
(153, '20260021', 201, 1002, '2026-04-24', 'Present'),
(154, '20260021', 201, 1002, '2026-04-25', 'Present'),
(155, '20260021', 201, 1002, '2026-04-26', 'Present'),
(156, '20260022', 201, 1002, '2026-04-20', 'Present'),
(157, '20260022', 201, 1002, '2026-04-21', 'Present'),
(158, '20260022', 201, 1002, '2026-04-22', 'Present'),
(159, '20260022', 201, 1002, '2026-04-23', 'Absent'),
(160, '20260022', 201, 1002, '2026-04-24', 'Absent'),
(161, '20260022', 201, 1002, '2026-04-25', 'Present'),
(162, '20260022', 201, 1002, '2026-04-26', 'Present'),
(163, '20260023', 201, 1002, '2026-04-20', 'Present'),
(164, '20260023', 201, 1002, '2026-04-21', 'Present'),
(165, '20260023', 201, 1002, '2026-04-22', 'Present'),
(166, '20260023', 201, 1002, '2026-04-23', 'Present'),
(167, '20260023', 201, 1002, '2026-04-24', 'Present'),
(168, '20260023', 201, 1002, '2026-04-25', 'Present'),
(169, '20260023', 201, 1002, '2026-04-26', 'Absent'),
(170, '20260024', 201, 1002, '2026-04-20', 'Present'),
(171, '20260024', 201, 1002, '2026-04-21', 'Present'),
(172, '20260024', 201, 1002, '2026-04-22', 'Present'),
(173, '20260024', 201, 1002, '2026-04-23', 'Present'),
(174, '20260024', 201, 1002, '2026-04-24', 'Present'),
(175, '20260024', 201, 1002, '2026-04-25', 'Absent'),
(176, '20260024', 201, 1002, '2026-04-26', 'Present'),
(177, '20260025', 201, 1002, '2026-04-20', 'Present'),
(178, '20260025', 201, 1002, '2026-04-21', 'Present'),
(179, '20260025', 201, 1002, '2026-04-22', 'Present'),
(180, '20260025', 201, 1002, '2026-04-23', 'Present'),
(181, '20260025', 201, 1002, '2026-04-24', 'Present'),
(182, '20260025', 201, 1002, '2026-04-25', 'Present'),
(183, '20260025', 201, 1002, '2026-04-26', 'Present'),
(184, '20260026', 201, 1002, '2026-04-20', 'Absent'),
(185, '20260026', 201, 1002, '2026-04-21', 'Excused'),
(186, '20260026', 201, 1002, '2026-04-22', 'Present'),
(187, '20260026', 201, 1002, '2026-04-23', 'Present'),
(188, '20260026', 201, 1002, '2026-04-24', 'Present'),
(189, '20260026', 201, 1002, '2026-04-25', 'Present'),
(190, '20260026', 201, 1002, '2026-04-26', 'Present'),
(191, '20260027', 201, 1002, '2026-04-20', 'Present'),
(192, '20260027', 201, 1002, '2026-04-21', 'Present'),
(193, '20260027', 201, 1002, '2026-04-22', 'Present'),
(194, '20260027', 201, 1002, '2026-04-23', 'Present'),
(195, '20260027', 201, 1002, '2026-04-24', 'Present'),
(196, '20260027', 201, 1002, '2026-04-25', 'Present'),
(197, '20260027', 201, 1002, '2026-04-26', 'Absent'),
(198, '20260028', 201, 1002, '2026-04-20', 'Present'),
(199, '20260028', 201, 1002, '2026-04-21', 'Present'),
(200, '20260028', 201, 1002, '2026-04-22', 'Present'),
(201, '20260028', 201, 1002, '2026-04-23', 'Present'),
(202, '20260028', 201, 1002, '2026-04-24', 'Present'),
(203, '20260028', 201, 1002, '2026-04-25', 'Present'),
(204, '20260028', 201, 1002, '2026-04-26', 'Absent'),
(205, '20260029', 201, 1002, '2026-04-20', 'Present'),
(206, '20260029', 201, 1002, '2026-04-21', 'Present'),
(207, '20260029', 201, 1002, '2026-04-22', 'Present'),
(208, '20260029', 201, 1002, '2026-04-23', 'Present'),
(209, '20260029', 201, 1002, '2026-04-24', 'Absent'),
(210, '20260029', 201, 1002, '2026-04-25', 'Present'),
(211, '20260029', 201, 1002, '2026-04-26', 'Present'),
(212, '20260030', 201, 1002, '2026-04-20', 'Present'),
(213, '20260030', 201, 1002, '2026-04-21', 'Present'),
(214, '20260030', 201, 1002, '2026-04-22', 'Present'),
(215, '20260030', 201, 1002, '2026-04-23', 'Present'),
(216, '20260030', 201, 1002, '2026-04-24', 'Present'),
(217, '20260030', 201, 1002, '2026-04-25', 'Present'),
(218, '20260030', 201, 1002, '2026-04-26', 'Present'),
(219, '20260031', 201, 1002, '2026-04-20', 'Present'),
(220, '20260031', 201, 1002, '2026-04-21', 'Present'),
(221, '20260031', 201, 1002, '2026-04-22', 'Present'),
(222, '20260031', 201, 1002, '2026-04-23', 'Present'),
(223, '20260031', 201, 1002, '2026-04-24', 'Present'),
(224, '20260031', 201, 1002, '2026-04-25', 'Present'),
(225, '20260031', 201, 1002, '2026-04-26', 'Present'),
(226, '20260032', 201, 1002, '2026-04-20', 'Present'),
(227, '20260032', 201, 1002, '2026-04-21', 'Present'),
(228, '20260032', 201, 1002, '2026-04-22', 'Present'),
(229, '20260032', 201, 1002, '2026-04-23', 'Present'),
(230, '20260032', 201, 1002, '2026-04-24', 'Present'),
(231, '20260032', 201, 1002, '2026-04-25', 'Present'),
(232, '20260032', 201, 1002, '2026-04-26', 'Absent'),
(233, '20260033', 201, 1002, '2026-04-20', 'Present'),
(234, '20260033', 201, 1002, '2026-04-21', 'Excused'),
(235, '20260033', 201, 1002, '2026-04-22', 'Absent'),
(236, '20260033', 201, 1002, '2026-04-23', 'Absent'),
(237, '20260033', 201, 1002, '2026-04-24', 'Present'),
(238, '20260033', 201, 1002, '2026-04-25', 'Present'),
(239, '20260033', 201, 1002, '2026-04-26', 'Present'),
(240, '20260034', 201, 1002, '2026-04-20', 'Present'),
(241, '20260034', 201, 1002, '2026-04-21', 'Present'),
(242, '20260034', 201, 1002, '2026-04-22', 'Present'),
(243, '20260034', 201, 1002, '2026-04-23', 'Present'),
(244, '20260034', 201, 1002, '2026-04-24', 'Present'),
(245, '20260034', 201, 1002, '2026-04-25', 'Present'),
(246, '20260034', 201, 1002, '2026-04-26', 'Present'),
(247, '20260035', 201, 1002, '2026-04-20', 'Present'),
(248, '20260035', 201, 1002, '2026-04-21', 'Present'),
(249, '20260035', 201, 1002, '2026-04-22', 'Present'),
(250, '20260035', 201, 1002, '2026-04-23', 'Present'),
(251, '20260035', 201, 1002, '2026-04-24', 'Present'),
(252, '20260035', 201, 1002, '2026-04-25', 'Present'),
(253, '20260035', 201, 1002, '2026-04-26', 'Present'),
(254, '20260036', 202, 1001, '2026-04-20', 'Present'),
(255, '20260036', 202, 1001, '2026-04-21', 'Present'),
(256, '20260036', 202, 1001, '2026-04-22', 'Present'),
(257, '20260036', 202, 1001, '2026-04-23', 'Present'),
(258, '20260036', 202, 1001, '2026-04-24', 'Present'),
(259, '20260036', 202, 1001, '2026-04-25', 'Present'),
(260, '20260036', 202, 1001, '2026-04-26', 'Present'),
(261, '20260037', 202, 1001, '2026-04-20', 'Present'),
(262, '20260037', 202, 1001, '2026-04-21', 'Present'),
(263, '20260037', 202, 1001, '2026-04-22', 'Present'),
(264, '20260037', 202, 1001, '2026-04-23', 'Present'),
(265, '20260037', 202, 1001, '2026-04-24', 'Present'),
(266, '20260037', 202, 1001, '2026-04-25', 'Present'),
(267, '20260037', 202, 1001, '2026-04-26', 'Present'),
(268, '20260038', 202, 1001, '2026-04-20', 'Present'),
(269, '20260038', 202, 1001, '2026-04-21', 'Present'),
(270, '20260038', 202, 1001, '2026-04-22', 'Present'),
(271, '20260038', 202, 1001, '2026-04-23', 'Present'),
(272, '20260038', 202, 1001, '2026-04-24', 'Present'),
(273, '20260038', 202, 1001, '2026-04-25', 'Present'),
(274, '20260038', 202, 1001, '2026-04-26', 'Present'),
(275, '20260039', 202, 1001, '2026-04-20', 'Present'),
(276, '20260039', 202, 1001, '2026-04-21', 'Present'),
(277, '20260039', 202, 1001, '2026-04-22', 'Present'),
(278, '20260039', 202, 1001, '2026-04-23', 'Present'),
(279, '20260039', 202, 1001, '2026-04-24', 'Present'),
(280, '20260039', 202, 1001, '2026-04-25', 'Present'),
(281, '20260039', 202, 1001, '2026-04-26', 'Present'),
(282, '20260040', 202, 1001, '2026-04-20', 'Present'),
(283, '20260040', 202, 1001, '2026-04-21', 'Present'),
(284, '20260040', 202, 1001, '2026-04-22', 'Present'),
(285, '20260040', 202, 1001, '2026-04-23', 'Present'),
(286, '20260040', 202, 1001, '2026-04-24', 'Present'),
(287, '20260040', 202, 1001, '2026-04-25', 'Present'),
(288, '20260040', 202, 1001, '2026-04-26', 'Present'),
(289, '20260041', 202, 1001, '2026-04-20', 'Present'),
(290, '20260041', 202, 1001, '2026-04-21', 'Present'),
(291, '20260041', 202, 1001, '2026-04-22', 'Excused'),
(292, '20260041', 202, 1001, '2026-04-23', 'Present'),
(293, '20260041', 202, 1001, '2026-04-24', 'Present'),
(294, '20260041', 202, 1001, '2026-04-25', 'Present'),
(295, '20260041', 202, 1001, '2026-04-26', 'Present'),
(296, '20260042', 202, 1001, '2026-04-20', 'Present'),
(297, '20260042', 202, 1001, '2026-04-21', 'Present'),
(298, '20260042', 202, 1001, '2026-04-22', 'Present'),
(299, '20260042', 202, 1001, '2026-04-23', 'Present'),
(300, '20260042', 202, 1001, '2026-04-24', 'Present'),
(301, '20260042', 202, 1001, '2026-04-25', 'Present'),
(302, '20260042', 202, 1001, '2026-04-26', 'Present'),
(303, '20260043', 202, 1001, '2026-04-20', 'Present'),
(304, '20260043', 202, 1001, '2026-04-21', 'Present'),
(305, '20260043', 202, 1001, '2026-04-22', 'Present'),
(306, '20260043', 202, 1001, '2026-04-23', 'Present'),
(307, '20260043', 202, 1001, '2026-04-24', 'Present'),
(308, '20260043', 202, 1001, '2026-04-25', 'Absent'),
(309, '20260043', 202, 1001, '2026-04-26', 'Present'),
(310, '20260044', 202, 1001, '2026-04-20', 'Present'),
(311, '20260044', 202, 1001, '2026-04-21', 'Present'),
(312, '20260044', 202, 1001, '2026-04-22', 'Present'),
(313, '20260044', 202, 1001, '2026-04-23', 'Present'),
(314, '20260044', 202, 1001, '2026-04-24', 'Present'),
(315, '20260044', 202, 1001, '2026-04-25', 'Present'),
(316, '20260044', 202, 1001, '2026-04-26', 'Present'),
(317, '20260045', 202, 1001, '2026-04-20', 'Present'),
(318, '20260045', 202, 1001, '2026-04-21', 'Present'),
(319, '20260045', 202, 1001, '2026-04-22', 'Absent'),
(320, '20260045', 202, 1001, '2026-04-23', 'Present'),
(321, '20260045', 202, 1001, '2026-04-24', 'Present'),
(322, '20260045', 202, 1001, '2026-04-25', 'Absent'),
(323, '20260045', 202, 1001, '2026-04-26', 'Present'),
(324, '20260046', 202, 1001, '2026-04-20', 'Present'),
(325, '20260046', 202, 1001, '2026-04-21', 'Present'),
(326, '20260046', 202, 1001, '2026-04-22', 'Present'),
(327, '20260046', 202, 1001, '2026-04-23', 'Present'),
(328, '20260046', 202, 1001, '2026-04-24', 'Present'),
(329, '20260046', 202, 1001, '2026-04-25', 'Present'),
(330, '20260046', 202, 1001, '2026-04-26', 'Present'),
(331, '20260047', 202, 1001, '2026-04-20', 'Present'),
(332, '20260047', 202, 1001, '2026-04-21', 'Present'),
(333, '20260047', 202, 1001, '2026-04-22', 'Present'),
(334, '20260047', 202, 1001, '2026-04-23', 'Present'),
(335, '20260047', 202, 1001, '2026-04-24', 'Present'),
(336, '20260047', 202, 1001, '2026-04-25', 'Present'),
(337, '20260047', 202, 1001, '2026-04-26', 'Present'),
(338, '20260048', 202, 1001, '2026-04-20', 'Present'),
(339, '20260048', 202, 1001, '2026-04-21', 'Present'),
(340, '20260048', 202, 1001, '2026-04-22', 'Present'),
(341, '20260048', 202, 1001, '2026-04-23', 'Present'),
(342, '20260048', 202, 1001, '2026-04-24', 'Present'),
(343, '20260048', 202, 1001, '2026-04-25', 'Absent'),
(344, '20260048', 202, 1001, '2026-04-26', 'Present'),
(345, '20260049', 202, 1001, '2026-04-20', 'Present'),
(346, '20260049', 202, 1001, '2026-04-21', 'Present'),
(347, '20260049', 202, 1001, '2026-04-22', 'Present'),
(348, '20260049', 202, 1001, '2026-04-23', 'Absent'),
(349, '20260049', 202, 1001, '2026-04-24', 'Present'),
(350, '20260049', 202, 1001, '2026-04-25', 'Present'),
(351, '20260049', 202, 1001, '2026-04-26', 'Present'),
(352, '20260050', 202, 1001, '2026-04-20', 'Present'),
(353, '20260050', 202, 1001, '2026-04-21', 'Present'),
(354, '20260050', 202, 1001, '2026-04-22', 'Present'),
(355, '20260050', 202, 1001, '2026-04-23', 'Present'),
(356, '20260050', 202, 1001, '2026-04-24', 'Present'),
(357, '20260050', 202, 1001, '2026-04-25', 'Present'),
(358, '20260050', 202, 1001, '2026-04-26', 'Absent'),
(359, '20260051', 202, 1001, '2026-04-20', 'Present'),
(360, '20260051', 202, 1001, '2026-04-21', 'Present'),
(361, '20260051', 202, 1001, '2026-04-22', 'Present'),
(362, '20260051', 202, 1001, '2026-04-23', 'Present'),
(363, '20260051', 202, 1001, '2026-04-24', 'Present'),
(364, '20260051', 202, 1001, '2026-04-25', 'Present'),
(365, '20260051', 202, 1001, '2026-04-26', 'Present'),
(366, '20260052', 202, 1001, '2026-04-20', 'Present'),
(367, '20260052', 202, 1001, '2026-04-21', 'Present'),
(368, '20260052', 202, 1001, '2026-04-22', 'Present'),
(369, '20260052', 202, 1001, '2026-04-23', 'Present'),
(370, '20260052', 202, 1001, '2026-04-24', 'Present'),
(371, '20260052', 202, 1001, '2026-04-25', 'Present'),
(372, '20260052', 202, 1001, '2026-04-26', 'Absent'),
(373, '20260053', 202, 1001, '2026-04-20', 'Present'),
(374, '20260053', 202, 1001, '2026-04-21', 'Excused'),
(375, '20260053', 202, 1001, '2026-04-22', 'Present'),
(376, '20260053', 202, 1001, '2026-04-23', 'Present'),
(377, '20260053', 202, 1001, '2026-04-24', 'Present'),
(378, '20260053', 202, 1001, '2026-04-25', 'Present'),
(379, '20260053', 202, 1001, '2026-04-26', 'Present'),
(380, '20260054', 202, 1001, '2026-04-20', 'Present'),
(381, '20260054', 202, 1001, '2026-04-21', 'Present'),
(382, '20260054', 202, 1001, '2026-04-22', 'Present'),
(383, '20260054', 202, 1001, '2026-04-23', 'Present'),
(384, '20260054', 202, 1001, '2026-04-24', 'Present'),
(385, '20260054', 202, 1001, '2026-04-25', 'Present'),
(386, '20260054', 202, 1001, '2026-04-26', 'Present'),
(387, '20260055', 202, 1001, '2026-04-20', 'Present'),
(388, '20260055', 202, 1001, '2026-04-21', 'Present'),
(389, '20260055', 202, 1001, '2026-04-22', 'Present'),
(390, '20260055', 202, 1001, '2026-04-23', 'Present'),
(391, '20260055', 202, 1001, '2026-04-24', 'Present'),
(392, '20260055', 202, 1001, '2026-04-25', 'Present'),
(393, '20260055', 202, 1001, '2026-04-26', 'Present'),
(394, '20260056', 202, 1001, '2026-04-20', 'Present'),
(395, '20260056', 202, 1001, '2026-04-21', 'Present'),
(396, '20260056', 202, 1001, '2026-04-22', 'Present'),
(397, '20260056', 202, 1001, '2026-04-23', 'Present'),
(398, '20260056', 202, 1001, '2026-04-24', 'Present'),
(399, '20260056', 202, 1001, '2026-04-25', 'Present'),
(400, '20260056', 202, 1001, '2026-04-26', 'Present'),
(401, '20260057', 202, 1001, '2026-04-20', 'Present'),
(402, '20260057', 202, 1001, '2026-04-21', 'Present'),
(403, '20260057', 202, 1001, '2026-04-22', 'Present'),
(404, '20260057', 202, 1001, '2026-04-23', 'Absent'),
(405, '20260057', 202, 1001, '2026-04-24', 'Absent'),
(406, '20260057', 202, 1001, '2026-04-25', 'Absent'),
(407, '20260057', 202, 1001, '2026-04-26', 'Present'),
(408, '20260058', 202, 1001, '2026-04-20', 'Present'),
(409, '20260058', 202, 1001, '2026-04-21', 'Present'),
(410, '20260058', 202, 1001, '2026-04-22', 'Present'),
(411, '20260058', 202, 1001, '2026-04-23', 'Present'),
(412, '20260058', 202, 1001, '2026-04-24', 'Present'),
(413, '20260058', 202, 1001, '2026-04-25', 'Present'),
(414, '20260058', 202, 1001, '2026-04-26', 'Present'),
(415, '20260059', 202, 1001, '2026-04-20', 'Present'),
(416, '20260059', 202, 1001, '2026-04-21', 'Absent'),
(417, '20260059', 202, 1001, '2026-04-22', 'Present'),
(418, '20260059', 202, 1001, '2026-04-23', 'Present'),
(419, '20260059', 202, 1001, '2026-04-24', 'Present'),
(420, '20260059', 202, 1001, '2026-04-25', 'Present'),
(421, '20260059', 202, 1001, '2026-04-26', 'Present'),
(422, '20260060', 202, 1001, '2026-04-20', 'Present'),
(423, '20260060', 202, 1001, '2026-04-21', 'Present'),
(424, '20260060', 202, 1001, '2026-04-22', 'Absent'),
(425, '20260060', 202, 1001, '2026-04-23', 'Present'),
(426, '20260060', 202, 1001, '2026-04-24', 'Present'),
(427, '20260060', 202, 1001, '2026-04-25', 'Present'),
(428, '20260060', 202, 1001, '2026-04-26', 'Present'),
(429, '20260061', 202, 1001, '2026-04-20', 'Present'),
(430, '20260061', 202, 1001, '2026-04-21', 'Present'),
(431, '20260061', 202, 1001, '2026-04-22', 'Present'),
(432, '20260061', 202, 1001, '2026-04-23', 'Present'),
(433, '20260061', 202, 1001, '2026-04-24', 'Present'),
(434, '20260061', 202, 1001, '2026-04-25', 'Present'),
(435, '20260061', 202, 1001, '2026-04-26', 'Absent'),
(436, '20260062', 202, 1001, '2026-04-20', 'Present'),
(437, '20260062', 202, 1001, '2026-04-21', 'Present'),
(438, '20260062', 202, 1001, '2026-04-22', 'Absent'),
(439, '20260062', 202, 1001, '2026-04-23', 'Present'),
(440, '20260062', 202, 1001, '2026-04-24', 'Present'),
(441, '20260062', 202, 1001, '2026-04-25', 'Present'),
(442, '20260062', 202, 1001, '2026-04-26', 'Present'),
(443, '20260063', 202, 1001, '2026-04-20', 'Present'),
(444, '20260063', 202, 1001, '2026-04-21', 'Present'),
(445, '20260063', 202, 1001, '2026-04-22', 'Absent'),
(446, '20260063', 202, 1001, '2026-04-23', 'Present'),
(447, '20260063', 202, 1001, '2026-04-24', 'Absent'),
(448, '20260063', 202, 1001, '2026-04-25', 'Present'),
(449, '20260063', 202, 1001, '2026-04-26', 'Present'),
(450, '20260064', 202, 1001, '2026-04-20', 'Present'),
(451, '20260064', 202, 1001, '2026-04-21', 'Excused'),
(452, '20260064', 202, 1001, '2026-04-22', 'Present'),
(453, '20260064', 202, 1001, '2026-04-23', 'Present'),
(454, '20260064', 202, 1001, '2026-04-24', 'Present'),
(455, '20260064', 202, 1001, '2026-04-25', 'Present'),
(456, '20260064', 202, 1001, '2026-04-26', 'Present'),
(457, '20260065', 202, 1001, '2026-04-20', 'Present'),
(458, '20260065', 202, 1001, '2026-04-21', 'Present'),
(459, '20260065', 202, 1001, '2026-04-22', 'Present'),
(460, '20260065', 202, 1001, '2026-04-23', 'Present'),
(461, '20260065', 202, 1001, '2026-04-24', 'Present'),
(462, '20260065', 202, 1001, '2026-04-25', 'Present'),
(463, '20260065', 202, 1001, '2026-04-26', 'Present'),
(464, '20260066', 202, 1001, '2026-04-20', 'Present'),
(465, '20260066', 202, 1001, '2026-04-21', 'Present'),
(466, '20260066', 202, 1001, '2026-04-22', 'Present'),
(467, '20260066', 202, 1001, '2026-04-23', 'Present'),
(468, '20260066', 202, 1001, '2026-04-24', 'Absent'),
(469, '20260066', 202, 1001, '2026-04-25', 'Present'),
(470, '20260066', 202, 1001, '2026-04-26', 'Absent'),
(471, '20260067', 202, 1001, '2026-04-20', 'Present'),
(472, '20260067', 202, 1001, '2026-04-21', 'Absent'),
(473, '20260067', 202, 1001, '2026-04-22', 'Present'),
(474, '20260067', 202, 1001, '2026-04-23', 'Present'),
(475, '20260067', 202, 1001, '2026-04-24', 'Present'),
(476, '20260067', 202, 1001, '2026-04-25', 'Absent'),
(477, '20260067', 202, 1001, '2026-04-26', 'Absent'),
(478, '20260068', 202, 1001, '2026-04-20', 'Present'),
(479, '20260068', 202, 1001, '2026-04-21', 'Present'),
(480, '20260068', 202, 1001, '2026-04-22', 'Present'),
(481, '20260068', 202, 1001, '2026-04-23', 'Present'),
(482, '20260068', 202, 1001, '2026-04-24', 'Present'),
(483, '20260068', 202, 1001, '2026-04-25', 'Absent'),
(484, '20260068', 202, 1001, '2026-04-26', 'Present'),
(485, '20260069', 202, 1001, '2026-04-20', 'Present'),
(486, '20260069', 202, 1001, '2026-04-21', 'Present'),
(487, '20260069', 202, 1001, '2026-04-22', 'Present'),
(488, '20260069', 202, 1001, '2026-04-23', 'Absent'),
(489, '20260069', 202, 1001, '2026-04-24', 'Present'),
(490, '20260069', 202, 1001, '2026-04-25', 'Absent'),
(491, '20260069', 202, 1001, '2026-04-26', 'Present'),
(492, '20260070', 202, 1001, '2026-04-20', 'Present'),
(493, '20260070', 202, 1001, '2026-04-21', 'Present'),
(494, '20260070', 202, 1001, '2026-04-22', 'Absent'),
(495, '20260070', 202, 1001, '2026-04-23', 'Absent'),
(496, '20260070', 202, 1001, '2026-04-24', 'Present'),
(497, '20260070', 202, 1001, '2026-04-25', 'Present'),
(498, '20260070', 202, 1001, '2026-04-26', 'Present'),
(499, '20260001', 201, 1042, '2026-05-19', 'Present'),
(500, '20260002', 201, 1042, '2026-05-19', 'Present'),
(501, '20260003', 201, 1042, '2026-05-19', 'Present'),
(502, '20260004', 201, 1042, '2026-05-19', 'Present'),
(503, '20260005', 201, 1042, '2026-05-19', 'Present'),
(504, '20260006', 201, 1042, '2026-05-19', 'Present'),
(505, '20260007', 201, 1042, '2026-05-19', 'Present'),
(506, '20260008', 201, 1042, '2026-05-19', 'Present'),
(507, '20260009', 201, 1042, '2026-05-19', 'Present'),
(508, '20260010', 201, 1042, '2026-05-19', 'Present'),
(509, '20260011', 201, 1042, '2026-05-19', 'Present'),
(510, '20260012', 201, 1042, '2026-05-19', 'Present'),
(511, '20260013', 201, 1042, '2026-05-19', 'Present'),
(512, '20260014', 201, 1042, '2026-05-19', 'Present'),
(513, '20260015', 201, 1042, '2026-05-19', 'Present'),
(514, '20260016', 201, 1042, '2026-05-19', 'Present'),
(515, '20260017', 201, 1042, '2026-05-19', 'Present'),
(516, '20260018', 201, 1042, '2026-05-19', 'Present'),
(517, '20260019', 201, 1042, '2026-05-19', 'Present'),
(518, '20260020', 201, 1042, '2026-05-19', 'Present'),
(519, '20260021', 201, 1042, '2026-05-19', 'Present'),
(520, '20260022', 201, 1042, '2026-05-19', 'Present'),
(521, '20260023', 201, 1042, '2026-05-19', 'Present'),
(522, '20260024', 201, 1042, '2026-05-19', 'Present'),
(523, '20260025', 201, 1042, '2026-05-19', 'Present'),
(524, '20260026', 201, 1042, '2026-05-19', 'Present'),
(525, '20260027', 201, 1042, '2026-05-19', 'Present'),
(526, '20260028', 201, 1042, '2026-05-19', 'Present'),
(527, '20260029', 201, 1042, '2026-05-19', 'Present'),
(528, '20260030', 201, 1042, '2026-05-19', 'Present'),
(529, '20260031', 201, 1042, '2026-05-19', 'Present'),
(530, '20260032', 201, 1042, '2026-05-19', 'Present'),
(531, '20260033', 201, 1042, '2026-05-19', 'Present'),
(532, '20260034', 201, 1042, '2026-05-19', 'Present'),
(533, '20260035', 201, 1042, '2026-05-19', 'Present'),
(534, '20260036', 202, 1042, '2026-05-19', 'Present'),
(535, '20260037', 202, 1042, '2026-05-19', 'Present'),
(536, '20260038', 202, 1042, '2026-05-19', 'Present'),
(537, '20260039', 202, 1042, '2026-05-19', 'Present'),
(538, '20260040', 202, 1042, '2026-05-19', 'Present'),
(539, '20260041', 202, 1042, '2026-05-19', 'Present'),
(540, '20260042', 202, 1042, '2026-05-19', 'Present'),
(541, '20260043', 202, 1042, '2026-05-19', 'Present'),
(542, '20260044', 202, 1042, '2026-05-19', 'Present'),
(543, '20260045', 202, 1042, '2026-05-19', 'Present'),
(544, '20260046', 202, 1042, '2026-05-19', 'Present'),
(545, '20260047', 202, 1042, '2026-05-19', 'Present'),
(546, '20260048', 202, 1042, '2026-05-19', 'Present'),
(547, '20260049', 202, 1042, '2026-05-19', 'Present'),
(548, '20260050', 202, 1042, '2026-05-19', 'Present'),
(549, '20260051', 202, 1042, '2026-05-19', 'Present'),
(550, '20260052', 202, 1042, '2026-05-19', 'Present'),
(551, '20260053', 202, 1042, '2026-05-19', 'Present'),
(552, '20260054', 202, 1042, '2026-05-19', 'Present'),
(553, '20260055', 202, 1042, '2026-05-19', 'Present'),
(554, '20260056', 202, 1042, '2026-05-19', 'Present'),
(555, '20260057', 202, 1042, '2026-05-19', 'Present'),
(556, '20260058', 202, 1042, '2026-05-19', 'Present'),
(557, '20260059', 202, 1042, '2026-05-19', 'Present'),
(558, '20260060', 202, 1042, '2026-05-19', 'Present'),
(559, '20260061', 202, 1042, '2026-05-19', 'Present'),
(560, '20260062', 202, 1042, '2026-05-19', 'Present'),
(561, '20260063', 202, 1042, '2026-05-19', 'Present'),
(562, '20260064', 202, 1042, '2026-05-19', 'Present'),
(563, '20260065', 202, 1042, '2026-05-19', 'Present'),
(564, '20260066', 202, 1042, '2026-05-19', 'Present'),
(565, '20260067', 202, 1042, '2026-05-19', 'Present'),
(566, '20260068', 202, 1042, '2026-05-19', 'Present'),
(567, '20260069', 202, 1042, '2026-05-19', 'Present'),
(568, '20260070', 202, 1042, '2026-05-19', 'Present');

-- --------------------------------------------------------

--
-- Table structure for table `class_section`
--

CREATE TABLE `class_section` (
  `class_id` int(11) NOT NULL,
  `grade_level` int(2) NOT NULL,
  `section_name` varchar(50) NOT NULL,
  `school_year` varchar(9) NOT NULL,
  `adviser_id` int(11) NOT NULL
) ENGINE=InnoDB DEFAULT CHARSET=utf8mb4 COLLATE=utf8mb4_general_ci;

--
-- Dumping data for table `class_section`
--

INSERT INTO `class_section` (`class_id`, `grade_level`, `section_name`, `school_year`, `adviser_id`) VALUES
(201, 10, 'St. Benedict', '2025-2026', 1025),
(202, 10, 'St. Scholastica', '2025-2026', 1011),
(203, 7, 'St. Anthony', '2025-2026', 1023),
(204, 7, 'St. Anne', '2025-2026', 1061),
(205, 8, 'St. Bernadette', '2025-2026', 1030),
(206, 8, 'St. Blaise', '2025-2026', 1011),
(207, 8, 'St. Boniface', '2025-2026', 1006),
(208, 8, 'St. Beatrice', '2025-2026', 1032),
(209, 9, 'St. Catherine', '2025-2026', 1017),
(210, 9, 'St. Cecilia', '2025-2026', 1040),
(211, 9, 'St. Clare', '2025-2026', 1024),
(212, 9, 'St. Charles', '2025-2026', 1019),
(213, 10, 'St. Benedict', '2025-2026', 1063),
(214, 10, 'St. Scholastica', '2025-2026', 1049),
(215, 10, 'St. Dominic', '2025-2026', 1017),
(216, 10, 'St. Elizabeth', '2025-2026', 1037),
(217, 11, 'St. Francis', '2025-2026', 1058),
(218, 11, 'St. Gabriel', '2025-2026', 1026),
(219, 12, 'St. Helena', '2025-2026', 1015),
(220, 12, 'St. Ignatius', '2025-2026', 1036);

-- --------------------------------------------------------

--
-- Table structure for table `forms`
--

CREATE TABLE `forms` (
  `form_id` int(11) NOT NULL,
  `registrar_id` int(11) NOT NULL,
  `form_type` varchar(50) NOT NULL,
  `date_managed` date NOT NULL
) ENGINE=InnoDB DEFAULT CHARSET=utf8mb4 COLLATE=utf8mb4_general_ci;

--
-- Dumping data for table `forms`
--

INSERT INTO `forms` (`form_id`, `registrar_id`, `form_type`, `date_managed`) VALUES
(401, 1003, 'SF10 - Permanent Record', '2026-04-20'),
(402, 1003, 'SF1 - School Register', '2026-01-05'),
(403, 1003, 'SF2 - Daily Attendance Report', '2026-01-06'),
(404, 1003, 'SF9 - Progress Report Card', '2026-01-10'),
(405, 1003, 'SF10 - Permanent Record', '2026-01-12'),
(406, 1003, 'Certificate of Good Moral', '2026-01-15'),
(407, 1003, 'Certificate of Enrollment', '2026-01-18'),
(408, 1003, 'Form 137-A Request', '2026-01-20'),
(409, 1003, 'Form 138-B', '2026-01-22'),
(410, 1003, 'ESC Grant Application', '2026-01-25'),
(411, 1003, 'Diploma Request Form', '2026-01-28'),
(412, 1003, 'Transfer Intent Form', '2026-02-02'),
(413, 1003, 'Certified True Copy of Grades', '2026-02-04'),
(414, 1003, 'SF1 - School Register Update', '2026-02-07'),
(415, 1003, 'SF5 - Report on Promotion', '2026-02-10'),
(416, 1003, 'Scholarship Recommendation', '2026-02-12'),
(417, 1003, 'Correction of Name Request', '2026-02-14'),
(418, 1003, 'LRN Reactivation Form', '2026-02-18'),
(419, 1003, 'ALS Placement Report', '2026-02-20'),
(420, 1003, 'SHS Track Shift Request', '2026-02-22'),
(421, 1003, 'Birth Certificate Verification', '2026-02-25'),
(422, 1003, 'SF2 - Monthly Attendance', '2026-03-01'),
(423, 1003, 'SF4 - Monthly Learner Movement', '2026-03-03'),
(424, 1003, 'SF8 - Learner Health Profile', '2026-03-05'),
(425, 1003, 'SF10 - Duplicate Request', '2026-03-08'),
(426, 1003, 'Graduation Clearance', '2026-03-10'),
(427, 1003, 'Diploma Release Log', '2026-03-12'),
(428, 1003, 'Honor Student Certification', '2026-03-15'),
(429, 1003, 'Certified Transcript of Records', '2026-03-18'),
(430, 1003, 'Re-enrollment Application', '2026-03-20'),
(431, 1003, 'SF2 - Mid-Quarter Attendance', '2026-03-22'),
(432, 1003, 'Medals and Awards List', '2026-03-25'),
(433, 1003, 'SF5-A Promotion List', '2026-03-28'),
(434, 1003, 'SF5-B Promotion List', '2026-04-01'),
(435, 1003, 'Early Registration Form', '2026-04-03'),
(436, 1003, 'Learner Information Sheet', '2026-04-05'),
(437, 1003, 'Parental Consent Form', '2026-04-08'),
(438, 1003, 'Student Profile Update', '2026-04-10'),
(439, 1003, 'SF1 - Master List Check', '2026-04-12'),
(440, 1003, 'SHS Voucher Application', '2026-04-14'),
(441, 1003, 'ALS A&E Certification', '2026-04-16'),
(442, 1003, 'PEPT Result Record', '2026-04-18'),
(443, 1003, 'CAV Request Form', '2026-04-20'),
(444, 1003, 'SF10 - Incoming Transfer', '2026-04-22'),
(445, 1003, 'SF10 - Outgoing Transfer', '2026-04-24'),
(446, 1003, 'Certificate of Completion', '2026-04-25'),
(447, 1003, 'Honorable Dismissal', '2026-04-26'),
(448, 1003, 'Summer Class Permit', '2026-04-27'),
(449, 1003, 'Bridge Program Enrollment', '2026-04-27'),
(450, 1003, 'Work Immersion Form', '2026-04-28'),
(451, 1003, 'SF7 - Inventory of Personnel', '2026-04-28');

-- --------------------------------------------------------

--
-- Table structure for table `grades`
--

CREATE TABLE `grades` (
  `grade_id` int(11) NOT NULL,
  `stud_lrn` char(12) NOT NULL,
  `subject_id` int(11) NOT NULL,
  `teacher_id` int(11) NOT NULL,
  `final_grade` decimal(5,2) DEFAULT NULL,
  `remarks` varchar(255) DEFAULT NULL
) ENGINE=InnoDB DEFAULT CHARSET=utf8mb4 COLLATE=utf8mb4_general_ci;

--
-- Dumping data for table `grades`
--

INSERT INTO `grades` (`grade_id`, `stud_lrn`, `subject_id`, `teacher_id`, `final_grade`, `remarks`) VALUES
(1, '20260001', 501, 1042, 89.95, 'Passed'),
(2, '20260002', 501, 1042, 87.70, 'Passed'),
(3, '20260003', 501, 1042, 90.88, 'Passed'),
(4, '20260004', 501, 1042, 85.95, 'Passed'),
(5, '20260005', 501, 1042, 85.74, 'Passed'),
(6, '20260006', 501, 1042, 90.08, 'Passed'),
(7, '20260007', 501, 1042, 92.18, 'Passed'),
(8, '20260008', 501, 1042, 91.03, 'Passed'),
(9, '20260009', 501, 1042, 88.25, 'Passed'),
(10, '20260010', 501, 1042, 89.17, 'Passed'),
(11, '20260011', 501, 1042, 83.59, 'Passed'),
(12, '20260012', 501, 1042, 81.20, 'Passed'),
(13, '20260013', 501, 1042, 88.86, 'Passed'),
(14, '20260014', 501, 1042, 88.18, 'Passed'),
(15, '20260015', 501, 1042, 81.56, 'Passed'),
(16, '20260016', 501, 1042, 88.78, 'Passed'),
(17, '20260017', 501, 1042, 88.61, 'Passed'),
(18, '20260018', 501, 1042, 79.92, 'Passed'),
(19, '20260019', 501, 1042, 85.43, 'Passed'),
(20, '20260020', 501, 1042, 85.60, 'Passed'),
(21, '20260021', 501, 1042, 86.49, 'Passed'),
(22, '20260022', 501, 1042, 85.91, 'Passed'),
(23, '20260023', 501, 1042, 86.67, 'Passed'),
(24, '20260024', 501, 1042, 83.64, 'Passed'),
(25, '20260025', 501, 1042, 79.82, 'Passed'),
(26, '20260026', 501, 1042, 84.15, 'Passed'),
(27, '20260027', 501, 1042, 84.18, 'Passed'),
(28, '20260028', 501, 1042, 85.70, 'Passed'),
(29, '20260029', 501, 1042, 85.97, 'Passed'),
(30, '20260030', 501, 1042, 91.36, 'Passed'),
(31, '20260031', 501, 1042, 85.87, 'Passed'),
(32, '20260032', 501, 1042, 86.55, 'Passed'),
(33, '20260033', 501, 1042, 88.11, 'Passed'),
(34, '20260034', 501, 1042, 87.90, 'Passed'),
(35, '20260035', 501, 1042, 82.32, 'Passed'),
(36, '20260036', 501, 1042, 84.75, 'Passed'),
(37, '20260037', 501, 1042, 83.31, 'Passed'),
(38, '20260038', 501, 1042, 88.28, 'Passed'),
(39, '20260039', 501, 1042, 83.20, 'Passed'),
(40, '20260040', 501, 1042, 85.44, 'Passed'),
(41, '20260041', 501, 1042, 81.61, 'Passed'),
(42, '20260042', 501, 1042, 90.34, 'Passed'),
(43, '20260043', 501, 1042, 83.76, 'Passed'),
(44, '20260044', 501, 1042, 83.00, 'Passed'),
(45, '20260045', 501, 1042, 82.98, 'Passed'),
(46, '20260046', 501, 1042, 93.76, 'Passed'),
(47, '20260047', 501, 1042, 86.74, 'Passed'),
(48, '20260048', 501, 1042, 83.31, 'Passed'),
(49, '20260049', 501, 1042, 82.71, 'Passed'),
(50, '20260050', 501, 1042, 87.47, 'Passed'),
(51, '20260051', 501, 1042, 85.23, 'Passed'),
(52, '20260052', 501, 1042, 81.87, 'Passed'),
(53, '20260053', 501, 1042, 80.29, 'Passed'),
(54, '20260054', 501, 1042, 85.83, 'Passed'),
(55, '20260055', 501, 1042, 84.29, 'Passed'),
(56, '20260056', 501, 1042, 86.34, 'Passed'),
(57, '20260057', 501, 1042, 83.72, 'Passed'),
(58, '20260058', 501, 1042, 87.18, 'Passed'),
(59, '20260059', 501, 1042, 82.98, 'Passed'),
(60, '20260060', 501, 1042, 85.75, 'Passed'),
(61, '20260061', 501, 1042, 86.78, 'Passed'),
(62, '20260062', 501, 1042, 90.29, 'Passed'),
(63, '20260063', 501, 1042, 81.49, 'Passed'),
(64, '20260064', 501, 1042, 89.09, 'Passed'),
(65, '20260065', 501, 1042, 81.84, 'Passed'),
(66, '20260066', 501, 1042, 84.68, 'Passed'),
(67, '20260067', 501, 1042, 85.76, 'Passed'),
(68, '20260068', 501, 1042, 85.12, 'Passed'),
(69, '20260069', 501, 1042, 83.94, 'Passed'),
(70, '20260070', 501, 1042, 81.33, 'Passed');

-- --------------------------------------------------------

--
-- Table structure for table `grade_details`
--

CREATE TABLE `grade_details` (
  `detail_id` int(11) NOT NULL,
  `grade_id` int(11) NOT NULL,
  `grading_period` varchar(20) NOT NULL,
  `grade_score` decimal(5,2) NOT NULL
) ENGINE=InnoDB DEFAULT CHARSET=utf8mb4 COLLATE=utf8mb4_general_ci;

--
-- Dumping data for table `grade_details`
--

INSERT INTO `grade_details` (`detail_id`, `grade_id`, `grading_period`, `grade_score`) VALUES
(1, 1, '1st Quarter', 94.50),
(2, 1, '2nd Quarter', 94.00),
(3, 2, '1st Quarter', 90.00),
(4, 2, '2nd Quarter', 89.50),
(5, 3, '1st Quarter', 97.00),
(6, 3, '2nd Quarter', 97.00),
(7, 4, '1st Quarter', 93.00),
(8, 4, '2nd Quarter', 90.00),
(9, 5, '1st Quarter', 87.50),
(10, 5, '2nd Quarter', 87.00),
(11, 6, '1st Quarter', 100.00),
(12, 6, '2nd Quarter', 96.50),
(13, 7, '1st Quarter', 91.00),
(14, 7, '2nd Quarter', 91.00),
(15, 8, '1st Quarter', 95.00),
(16, 8, '2nd Quarter', 92.00),
(17, 9, '1st Quarter', 89.50),
(18, 9, '2nd Quarter', 88.00),
(19, 10, '1st Quarter', 92.00),
(20, 10, '2nd Quarter', 91.50),
(21, 11, '1st Quarter', 84.00),
(22, 11, '2nd Quarter', 84.00),
(23, 12, '1st Quarter', 81.50),
(24, 12, '2nd Quarter', 81.00),
(25, 13, '1st Quarter', 87.00),
(26, 13, '2nd Quarter', 83.00),
(27, 14, '1st Quarter', 90.50),
(28, 14, '2nd Quarter', 87.00),
(29, 15, '1st Quarter', 78.00),
(30, 15, '2nd Quarter', 78.50),
(31, 16, '1st Quarter', 93.00),
(32, 16, '2nd Quarter', 89.00),
(33, 17, '1st Quarter', 86.00),
(34, 17, '2nd Quarter', 85.00),
(35, 18, '1st Quarter', 82.00),
(36, 18, '2nd Quarter', 82.00),
(37, 19, '1st Quarter', 85.50),
(38, 19, '2nd Quarter', 86.00),
(39, 20, '1st Quarter', 89.00),
(40, 20, '2nd Quarter', 88.50),
(41, 21, '1st Quarter', 80.00),
(42, 21, '2nd Quarter', 79.00),
(43, 22, '1st Quarter', 84.50),
(44, 22, '2nd Quarter', 84.00),
(45, 23, '1st Quarter', 91.00),
(46, 23, '2nd Quarter', 91.00),
(47, 24, '1st Quarter', 83.00),
(48, 24, '2nd Quarter', 80.50),
(49, 25, '1st Quarter', 79.00),
(50, 25, '2nd Quarter', 75.00),
(51, 26, '1st Quarter', 87.50),
(52, 26, '2nd Quarter', 86.00),
(53, 27, '1st Quarter', 85.00),
(54, 27, '2nd Quarter', 82.00),
(55, 28, '1st Quarter', 90.00),
(56, 28, '2nd Quarter', 89.50),
(57, 29, '1st Quarter', 82.00),
(58, 29, '2nd Quarter', 81.50),
(59, 30, '1st Quarter', 86.50),
(60, 30, '2nd Quarter', 86.00),
(61, 31, '1st Quarter', 81.00),
(62, 31, '2nd Quarter', 81.00),
(63, 32, '1st Quarter', 84.00),
(64, 32, '2nd Quarter', 83.50),
(65, 33, '1st Quarter', 88.50),
(66, 33, '2nd Quarter', 88.00),
(67, 34, '1st Quarter', 92.00),
(68, 34, '2nd Quarter', 89.00),
(69, 35, '1st Quarter', 77.00),
(70, 35, '2nd Quarter', 77.00),
(71, 36, '1st Quarter', 86.00),
(72, 36, '2nd Quarter', 84.50),
(73, 37, '1st Quarter', 83.50),
(74, 37, '2nd Quarter', 83.00),
(75, 38, '1st Quarter', 89.00),
(76, 38, '2nd Quarter', 86.00),
(77, 39, '1st Quarter', 81.50),
(78, 39, '2nd Quarter', 80.00),
(79, 40, '1st Quarter', 84.50),
(80, 40, '2nd Quarter', 85.00),
(81, 41, '1st Quarter', 76.00),
(82, 41, '2nd Quarter', 76.00),
(83, 42, '1st Quarter', 90.00),
(84, 42, '2nd Quarter', 89.00),
(85, 43, '1st Quarter', 83.00),
(86, 43, '2nd Quarter', 82.50),
(87, 44, '1st Quarter', 79.50),
(88, 44, '2nd Quarter', 79.00),
(89, 45, '1st Quarter', 85.00),
(90, 45, '2nd Quarter', 84.00),
(91, 46, '1st Quarter', 94.00),
(92, 46, '2nd Quarter', 91.00),
(93, 47, '1st Quarter', 87.00),
(94, 47, '2nd Quarter', 86.50),
(95, 48, '1st Quarter', 82.00),
(96, 48, '2nd Quarter', 81.00),
(97, 49, '1st Quarter', 75.00),
(98, 49, '2nd Quarter', 75.00),
(99, 50, '1st Quarter', 88.00),
(100, 50, '2nd Quarter', 87.50),
(101, 51, '1st Quarter', 81.00),
(102, 51, '2nd Quarter', 80.50),
(103, 52, '1st Quarter', 86.50),
(104, 52, '2nd Quarter', 86.00),
(105, 53, '1st Quarter', 84.00),
(106, 53, '2nd Quarter', 81.50),
(107, 54, '1st Quarter', 90.00),
(108, 54, '2nd Quarter', 90.00),
(109, 55, '1st Quarter', 80.50),
(110, 55, '2nd Quarter', 80.00),
(111, 56, '1st Quarter', 87.00),
(112, 56, '2nd Quarter', 84.00),
(113, 57, '1st Quarter', 83.00),
(114, 57, '2nd Quarter', 83.00),
(115, 58, '1st Quarter', 89.50),
(116, 58, '2nd Quarter', 88.00),
(117, 59, '1st Quarter', 78.00),
(118, 59, '2nd Quarter', 77.50),
(119, 60, '1st Quarter', 85.50),
(120, 60, '2nd Quarter', 85.00),
(121, 61, '1st Quarter', 82.00),
(122, 61, '2nd Quarter', 82.00),
(123, 62, '1st Quarter', 91.00),
(124, 62, '2nd Quarter', 91.00),
(125, 63, '1st Quarter', 76.50),
(126, 63, '2nd Quarter', 76.00),
(127, 64, '1st Quarter', 88.50),
(128, 64, '2nd Quarter', 88.00),
(129, 65, '1st Quarter', 84.00),
(130, 65, '2nd Quarter', 83.50),
(131, 66, '1st Quarter', 80.00),
(132, 66, '2nd Quarter', 80.00),
(133, 67, '1st Quarter', 87.00),
(134, 67, '2nd Quarter', 84.00),
(135, 68, '1st Quarter', 83.50),
(136, 68, '2nd Quarter', 83.00),
(137, 69, '1st Quarter', 89.00),
(138, 69, '2nd Quarter', 89.00),
(139, 70, '1st Quarter', 81.50),
(140, 70, '2nd Quarter', 81.00),
(141, 1, '3rd Quarter', 81.17),
(142, 2, '3rd Quarter', 80.40),
(143, 3, '3rd Quarter', 83.47),
(144, 4, '3rd Quarter', 78.17),
(145, 5, '3rd Quarter', 88.44),
(146, 6, '3rd Quarter', 86.68),
(147, 7, '3rd Quarter', 93.06),
(148, 8, '3rd Quarter', 84.30),
(149, 9, '3rd Quarter', 90.29),
(150, 10, '3rd Quarter', 77.57),
(151, 11, '3rd Quarter', 87.95),
(152, 12, '3rd Quarter', 86.08),
(153, 13, '3rd Quarter', 91.52),
(154, 14, '3rd Quarter', 78.37),
(155, 15, '3rd Quarter', 88.28),
(156, 16, '3rd Quarter', 85.30),
(157, 17, '3rd Quarter', 86.66),
(158, 18, '3rd Quarter', 79.39),
(159, 19, '3rd Quarter', 85.00),
(160, 20, '3rd Quarter', 88.79),
(161, 21, '3rd Quarter', 90.98),
(162, 22, '3rd Quarter', 90.54),
(163, 23, '3rd Quarter', 81.75),
(164, 24, '3rd Quarter', 85.12),
(165, 25, '3rd Quarter', 82.37),
(166, 26, '3rd Quarter', 81.48),
(167, 27, '3rd Quarter', 85.29),
(168, 28, '3rd Quarter', 84.01),
(169, 29, '3rd Quarter', 89.19),
(170, 30, '3rd Quarter', 95.92),
(171, 31, '3rd Quarter', 91.03),
(172, 32, '3rd Quarter', 92.39),
(173, 33, '3rd Quarter', 90.86),
(174, 34, '3rd Quarter', 79.11),
(175, 35, '3rd Quarter', 93.98),
(176, 36, '3rd Quarter', 88.55),
(177, 37, '3rd Quarter', 85.84),
(178, 38, '3rd Quarter', 88.55),
(179, 39, '3rd Quarter', 87.22),
(180, 40, '3rd Quarter', 95.44),
(181, 41, '3rd Quarter', 94.56),
(182, 42, '3rd Quarter', 88.46),
(183, 43, '3rd Quarter', 83.62),
(184, 44, '3rd Quarter', 77.71),
(185, 45, '3rd Quarter', 85.72),
(186, 46, '3rd Quarter', 97.44),
(187, 47, '3rd Quarter', 86.04),
(188, 48, '3rd Quarter', 85.90),
(189, 49, '3rd Quarter', 96.38),
(190, 50, '3rd Quarter', 80.20),
(191, 51, '3rd Quarter', 82.85),
(192, 52, '3rd Quarter', 75.67),
(193, 53, '3rd Quarter', 77.81),
(194, 54, '3rd Quarter', 87.01),
(195, 55, '3rd Quarter', 80.63),
(196, 56, '3rd Quarter', 90.13),
(197, 57, '3rd Quarter', 87.77),
(198, 58, '3rd Quarter', 93.44),
(199, 59, '3rd Quarter', 82.90),
(200, 60, '3rd Quarter', 82.16),
(201, 61, '3rd Quarter', 87.09),
(202, 62, '3rd Quarter', 91.01),
(203, 63, '3rd Quarter', 95.74),
(204, 64, '3rd Quarter', 84.70),
(205, 65, '3rd Quarter', 84.25),
(206, 66, '3rd Quarter', 92.16),
(207, 67, '3rd Quarter', 87.05),
(208, 68, '3rd Quarter', 83.77),
(209, 69, '3rd Quarter', 82.71),
(210, 70, '3rd Quarter', 87.26),
(268, 1, '4th Quarter', 90.13),
(269, 2, '4th Quarter', 90.89),
(270, 3, '4th Quarter', 86.06),
(271, 4, '4th Quarter', 82.64),
(272, 5, '4th Quarter', 80.01),
(273, 6, '4th Quarter', 77.14),
(274, 7, '4th Quarter', 93.65),
(275, 8, '4th Quarter', 92.83),
(276, 9, '4th Quarter', 85.22),
(277, 10, '4th Quarter', 95.62),
(278, 11, '4th Quarter', 78.42),
(279, 12, '4th Quarter', 76.23),
(280, 13, '4th Quarter', 93.91),
(281, 14, '4th Quarter', 96.84),
(282, 15, '4th Quarter', 81.47),
(283, 16, '4th Quarter', 87.83),
(284, 17, '4th Quarter', 96.76),
(285, 18, '4th Quarter', 76.30),
(286, 19, '4th Quarter', 85.20),
(287, 20, '4th Quarter', 76.12),
(288, 21, '4th Quarter', 95.99),
(289, 22, '4th Quarter', 84.58),
(290, 23, '4th Quarter', 82.94),
(291, 24, '4th Quarter', 85.94),
(292, 25, '4th Quarter', 82.89),
(293, 26, '4th Quarter', 81.62),
(294, 27, '4th Quarter', 84.43),
(295, 28, '4th Quarter', 79.29),
(296, 29, '4th Quarter', 91.17),
(297, 30, '4th Quarter', 97.00),
(298, 31, '4th Quarter', 90.45),
(299, 32, '4th Quarter', 86.29),
(300, 33, '4th Quarter', 85.07),
(301, 34, '4th Quarter', 91.50),
(302, 35, '4th Quarter', 81.29),
(303, 36, '4th Quarter', 79.95),
(304, 37, '4th Quarter', 80.88),
(305, 38, '4th Quarter', 89.55),
(306, 39, '4th Quarter', 84.09),
(307, 40, '4th Quarter', 76.83),
(308, 41, '4th Quarter', 79.88),
(309, 42, '4th Quarter', 93.91),
(310, 43, '4th Quarter', 85.90),
(311, 44, '4th Quarter', 95.78),
(312, 45, '4th Quarter', 77.19),
(313, 46, '4th Quarter', 92.60),
(314, 47, '4th Quarter', 87.43),
(315, 48, '4th Quarter', 84.34),
(316, 49, '4th Quarter', 84.44),
(317, 50, '4th Quarter', 94.18),
(318, 51, '4th Quarter', 96.57),
(319, 52, '4th Quarter', 79.31),
(320, 53, '4th Quarter', 77.85),
(321, 54, '4th Quarter', 76.32),
(322, 55, '4th Quarter', 96.04),
(323, 56, '4th Quarter', 84.24),
(324, 57, '4th Quarter', 81.10),
(325, 58, '4th Quarter', 77.76),
(326, 59, '4th Quarter', 93.52),
(327, 60, '4th Quarter', 90.32),
(328, 61, '4th Quarter', 96.02),
(329, 62, '4th Quarter', 88.16),
(330, 63, '4th Quarter', 77.73),
(331, 64, '4th Quarter', 95.16),
(332, 65, '4th Quarter', 75.61),
(333, 66, '4th Quarter', 86.56),
(334, 67, '4th Quarter', 84.97),
(335, 68, '4th Quarter', 90.19),
(336, 69, '4th Quarter', 75.03),
(337, 70, '4th Quarter', 75.57);

-- --------------------------------------------------------

--
-- Table structure for table `personnel`
--

CREATE TABLE `personnel` (
  `personnel_id` int(11) NOT NULL,
  `first_name` varchar(50) NOT NULL,
  `middle_name` varchar(50) DEFAULT NULL,
  `last_name` varchar(50) NOT NULL,
  `birth_date` date NOT NULL,
  `gender` varchar(10) NOT NULL,
  `civil_status` varchar(20) NOT NULL,
  `position_type` varchar(20) NOT NULL
) ENGINE=InnoDB DEFAULT CHARSET=utf8mb4 COLLATE=utf8mb4_general_ci;

--
-- Dumping data for table `personnel`
--

INSERT INTO `personnel` (`personnel_id`, `first_name`, `middle_name`, `last_name`, `birth_date`, `gender`, `civil_status`, `position_type`) VALUES
(1001, 'Jomari', 'M.', 'Singh', '1990-05-15', 'Male', 'Single', 'Teacher'),
(1002, 'Maria', 'S.', 'Santos', '1985-11-20', 'Female', 'Married', 'Adviser'),
(1003, 'Ricardo', 'L.', 'Dalisay', '1988-02-10', 'Male', 'Single', 'Registrar'),
(1004, 'Lourdes', 'B.', 'Berces', '1975-11-20', 'Female', 'Married', 'Head Teacher'),
(1005, 'Felipe', 'M.', 'Belen', '1978-02-14', 'Male', 'Married', 'Head Teacher'),
(1006, 'Corazon', 'S.', 'Bañares', '1982-08-30', 'Female', 'Single', 'Guidance Counselor'),
(1007, 'Gregorio', 'L.', 'Baldoza', '1980-04-12', 'Male', 'Married', 'Librarian'),
(1008, 'Elena', 'R.', 'Ariola', '1985-06-25', 'Female', 'Married', 'Teacher'),
(1009, 'Ronaldo', 'D.', 'Borja', '1988-12-05', 'Male', 'Single', 'Teacher'),
(1010, 'Melba', 'G.', 'Bardon', '1990-01-15', 'Female', 'Single', 'Teacher'),
(1011, 'Efren', 'T.', 'Belleza', '1986-09-22', 'Male', 'Married', 'Teacher'),
(1012, 'Zenaida', 'P.', 'Rabino', '1983-03-10', 'Female', 'Married', 'Teacher'),
(1013, 'Victor', 'H.', 'Resurreccion', '1992-07-18', 'Male', 'Single', 'Teacher'),
(1014, 'Rosario', 'K.', 'Romano', '1987-11-04', 'Female', 'Married', 'Teacher'),
(1015, 'Manuel', 'F.', 'Biazon', '1989-05-30', 'Male', 'Single', 'Teacher'),
(1016, 'Teresita', 'V.', 'Balce', '1984-10-12', 'Female', 'Married', 'Teacher'),
(1017, 'Jaime', 'C.', 'Barrios', '1991-02-28', 'Male', 'Single', 'Teacher'),
(1018, 'Liza', 'N.', 'Buenafe', '1982-12-14', 'Female', 'Married', 'Teacher'),
(1019, 'Arturo', 'W.', 'Briones', '1980-01-05', 'Male', 'Married', 'Teacher'),
(1020, 'Imelda', 'Q.', 'Alegre', '1993-04-20', 'Female', 'Single', 'Teacher'),
(1021, 'Danilo', 'E.', 'Espinas', '1988-08-15', 'Male', 'Married', 'Teacher'),
(1022, 'Nenita', 'J.', 'Floranza', '1985-03-03', 'Female', 'Married', 'Teacher'),
(1023, 'Oscar', 'U.', 'Garcia', '1990-11-27', 'Male', 'Single', 'Teacher'),
(1024, 'Perla', 'Y.', 'Hernandez', '1987-06-14', 'Female', 'Married', 'Teacher'),
(1025, 'Reynaldo', 'I.', 'Ibañez', '1991-09-09', 'Male', 'Single', 'Teacher'),
(1026, 'Gloria', 'O.', 'Jimenez', '1986-12-25', 'Female', 'Married', 'Teacher'),
(1027, 'Benigno', 'L.', 'Luces', '1984-02-11', 'Male', 'Married', 'Teacher'),
(1028, 'Carmela', 'M.', 'Millena', '1992-10-30', 'Female', 'Single', 'Teacher'),
(1029, 'Edgar', 'A.', 'Nimo', '1989-01-08', 'Male', 'Married', 'Teacher'),
(1030, 'Vilma', 'H.', 'Orea', '1983-05-19', 'Female', 'Married', 'Teacher'),
(1031, 'Amado', 'G.', 'Paguia', '1980-08-11', 'Male', 'Married', 'Teacher'),
(1032, 'Doris', 'S.', 'Quintana', '1994-03-27', 'Female', 'Single', 'Teacher'),
(1033, 'Nestor', 'R.', 'Sayson', '1987-11-04', 'Male', 'Married', 'Teacher'),
(1034, 'Ofelia', 'T.', 'Tuazon', '1985-06-15', 'Female', 'Married', 'Teacher'),
(1035, 'Wilfredo', 'P.', 'Vallarez', '1990-02-21', 'Male', 'Single', 'Teacher'),
(1036, 'Ester', 'C.', 'Almayda', '1982-09-09', 'Female', 'Married', 'Teacher'),
(1037, 'Rodolfo', 'K.', 'Basabe', '1981-04-17', 'Male', 'Married', 'Teacher'),
(1038, 'Pilar', 'F.', 'Cardano', '1993-10-02', 'Female', 'Single', 'Teacher'),
(1039, 'Humberto', 'V.', 'Dioneda', '1988-07-24', 'Male', 'Married', 'Teacher'),
(1040, 'Lucia', 'N.', 'Estipona', '1986-12-30', 'Female', 'Married', 'Teacher'),
(1041, 'Basilio', 'W.', 'Frondoza', '1984-05-13', 'Male', 'Single', 'Teacher'),
(1042, 'Anita', 'Q.', 'Goyena', '1992-01-22', 'Female', 'Single', 'Teacher'),
(1043, 'Cesar', 'E.', 'Honrado', '1989-08-04', 'Male', 'Married', 'Teacher'),
(1044, 'Milagros', 'U.', 'Icaro', '1983-04-19', 'Female', 'Married', 'Teacher'),
(1045, 'Leopoldo', 'J.', 'Jalmanzar', '1980-03-29', 'Male', 'Married', 'Teacher'),
(1046, 'Felicidad', 'Y.', 'Lanuza', '1994-11-11', 'Female', 'Single', 'Teacher'),
(1047, 'Mariano', 'I.', 'Manansala', '1987-06-18', 'Male', 'Married', 'Teacher'),
(1048, 'Paz', 'O.', 'Navarro', '1985-02-05', 'Female', 'Married', 'Teacher'),
(1049, 'Remedios', 'L.', 'Quinto', '1990-10-12', 'Female', 'Single', 'Teacher'),
(1050, 'Simeon', 'M.', 'Tiongson', '1982-07-31', 'Male', 'Married', 'Teacher'),
(1051, 'Aurora', 'A.', 'Ubaldo', '1981-01-25', 'Female', 'Married', 'Teacher'),
(1052, 'Valeriano', 'H.', 'Valdez', '1993-05-08', 'Male', 'Single', 'Teacher'),
(1053, 'Concepcion', 'G.', 'Wong', '1988-08-16', 'Female', 'Married', 'Teacher'),
(1054, 'Renato', 'L.', 'Belen', '1982-11-05', 'Male', 'Married', 'Security Guard'),
(1055, 'Efren', 'S.', 'Imperial', '1985-04-20', 'Male', 'Single', 'Security Guard'),
(1056, 'Danilo', 'P.', 'Baldo', '1979-09-12', 'Male', 'Married', 'Security Guard'),
(1057, 'Eusebio', 'M.', 'Borja', '1976-03-24', 'Male', 'Married', 'Janitor'),
(1058, 'Pacita', 'G.', 'Reondanga', '1980-12-01', 'Female', 'Widowed', 'Janitor'),
(1059, 'Mariano', 'T.', 'Berces', '1972-07-15', 'Male', 'Married', 'Janitor'),
(1060, 'Luzviminda', 'R.', 'Bañares', '1983-05-30', 'Female', 'Single', 'Janitor'),
(1061, 'Filemon', 'C.', 'Imperial', '1978-01-18', 'Male', 'Married', 'Maintenance'),
(1062, 'Flordeliza', 'D.', 'Belleza', '1987-10-10', 'Female', 'Married', 'Canteen Staff'),
(1063, 'Imelda', 'B.', 'Rabino', '1984-06-22', 'Female', 'Married', 'Canteen Staff'),
(1064, 'Conchita', 'F.', 'Romano', '1981-02-14', 'Female', 'Widowed', 'Canteen Staff'),
(1065, 'Agapito', 'V.', 'Biazon', '1975-08-05', 'Male', 'Married', 'Utility Worker'),
(1066, 'Nicanor', 'K.', 'Barrios', '1980-04-30', 'Male', 'Single', 'Driver'),
(1067, 'Restituto', 'H.', 'Buenafe', '1977-11-20', 'Male', 'Married', 'Gardener'),
(1068, 'Modesto', 'S.', 'Briones', '1974-12-12', 'Male', 'Married', 'Maintenance'),
(2000, 'Salvador', 'A.', 'Imperial', '1970-05-12', 'Male', 'Married', 'Principal');

-- --------------------------------------------------------

--
-- Table structure for table `student`
--

CREATE TABLE `student` (
  `stud_lrn` char(12) NOT NULL,
  `first_name` varchar(50) NOT NULL,
  `middle_name` varchar(50) DEFAULT NULL,
  `last_name` varchar(50) NOT NULL,
  `gender` varchar(10) NOT NULL,
  `birth_date` date NOT NULL,
  `address_barangay` varchar(100) NOT NULL,
  `address_municipality` varchar(100) NOT NULL,
  `class_id` int(11) NOT NULL,
  `adviser_id` int(11) NOT NULL
) ENGINE=InnoDB DEFAULT CHARSET=utf8mb4 COLLATE=utf8mb4_general_ci;

--
-- Dumping data for table `student`
--

INSERT INTO `student` (`stud_lrn`, `first_name`, `middle_name`, `last_name`, `gender`, `birth_date`, `address_barangay`, `address_municipality`, `class_id`, `adviser_id`) VALUES
('20260001', 'Aljon', 'Belen', 'Borja', 'Male', '2008-03-14', 'Gogon', 'Legazpi', 201, 1025),
('20260002', 'Maria Salve', '', 'Reondanga', 'Female', '2007-11-09', 'Cruzada', 'Legazpi', 201, 1025),
('20260003', 'John Paul', 'Mirasol', 'Imperial', 'Male', '2008-06-21', 'Bitano', 'Legazpi', 201, 1025),
('20260004', 'Rica', 'Belleza', 'Baldoza', 'Female', '2007-01-30', 'Bonot', 'Legazpi', 201, 1025),
('20260005', 'Jerico', 'Dela Cruz', 'Bañares', 'Male', '2008-09-12', 'Rawis', 'Legazpi', 201, 1025),
('20260006', 'Angelica', 'Nuñez', 'Ariola', 'Female', '2007-04-18', 'EM\'s Barrio', 'Legazpi', 201, 1025),
('20260007', 'Marvin', 'Toledo', 'Berces', 'Male', '2008-12-05', 'Puro', 'Legazpi', 201, 1025),
('20260008', 'Christine', 'Llorin', 'Bardon', 'Female', '2007-07-27', 'Ilawod West', 'Legazpi', 201, 1025),
('20260009', 'Renz', 'Pajarillo', 'Belleza', 'Male', '2008-02-11', 'Market Site', 'Daraga', 201, 1025),
('20260010', 'Jessa', 'Ofrin', 'Rabino', 'Female', '2007-10-03', 'San Roque', 'Daraga', 201, 1025),
('20260011', 'Mark Anthony', 'Fajardo', 'Resurreccion', 'Male', '2008-05-19', 'Kimantong', 'Daraga', 201, 1025),
('20260012', 'Princess', 'Llaguno', 'Romano', 'Female', '2007-08-26', 'Binitayan', 'Daraga', 201, 1025),
('20260013', 'Carlo', 'Belleza', 'Biazon', 'Male', '2008-01-15', 'Cullat', 'Daraga', 201, 1025),
('20260014', 'Hazel', 'Oasay', 'Balce', 'Female', '2007-12-08', 'Bascaran', 'Daraga', 201, 1025),
('20260015', 'Nathaniel', 'Perdigon', 'Barrios', 'Male', '2008-04-02', 'Busay', 'Daraga', 201, 1025),
('20260016', 'Sheila', 'Corvera', 'Buenafe', 'Female', '2007-06-17', 'Mi-isi', 'Daraga', 201, 1025),
('20260017', 'Vincent', 'Paner', 'Briones', 'Male', '2008-11-24', 'Anislag', 'Daraga', 201, 1025),
('20260018', 'Kyla', 'Mae', 'Abad', 'Female', '2007-05-12', 'Albay District', 'Legazpi', 201, 1025),
('20260019', 'Joshua', 'Reyes', 'Alegre', 'Male', '2008-08-25', 'Arimbay', 'Legazpi', 201, 1025),
('20260020', 'Beatrix', 'Lara', 'Baldo', 'Female', '2007-12-01', 'Bagong Abre', 'Legazpi', 201, 1025),
('20260021', 'Christian', 'Paul', 'Calleja', 'Male', '2008-01-15', 'Banquerohan', 'Legazpi', 201, 1025),
('20260022', 'Dianne', 'Grace', 'Diaz', 'Female', '2007-09-18', 'Binanuahan', 'Legazpi', 201, 1025),
('20260023', 'Ethan', 'James', 'Espinas', 'Male', '2008-02-28', 'Bogtong', 'Legazpi', 201, 1025),
('20260024', 'Fiona', 'Rose', 'Floranza', 'Female', '2007-03-10', 'Capantawan', 'Legazpi', 201, 1025),
('20260025', 'Gabriel', 'Ivan', 'Garcia', 'Male', '2008-11-20', 'Dap-dap', 'Legazpi', 201, 1025),
('20260026', 'Hannah', 'Nicole', 'Hernandez', 'Female', '2007-06-05', 'Homapon', 'Legazpi', 201, 1025),
('20260027', 'Ian', 'Gabriel', 'Ibañez', 'Male', '2008-04-14', 'Mabinit', 'Legazpi', 201, 1025),
('20260028', 'Jasmine', 'Joy', 'Jimenez', 'Female', '2007-10-30', 'Oro Site', 'Legazpi', 201, 1025),
('20260029', 'Kevin', 'Lee', 'Luces', 'Male', '2008-07-22', 'Pawa', 'Legazpi', 201, 1025),
('20260030', 'Lianne', 'Marie', 'Millena', 'Female', '2007-01-08', 'Sagpon', 'Legazpi', 201, 1025),
('20260031', 'Marcus', 'Anton', 'Nimo', 'Male', '2008-05-19', 'Tula-tula', 'Legazpi', 201, 1025),
('20260032', 'Nathalie', 'Hope', 'Orea', 'Female', '2007-08-11', 'Bañag', 'Daraga', 201, 1025),
('20260033', 'Oliver', 'Grant', 'Paguia', 'Male', '2008-03-27', 'Bagumbayan', 'Daraga', 201, 1025),
('20260034', 'Patricia', 'Ann', 'Quintana', 'Female', '2007-11-04', 'Canlubang', 'Daraga', 201, 1025),
('20260035', 'Quentin', 'Xavier', 'Ramos', 'Male', '2008-06-15', 'Dinoronan', 'Daraga', 201, 1025),
('20260036', 'Rochelle', 'Mae', 'Sayson', 'Female', '2007-02-21', 'Gabawan', 'Daraga', 202, 1011),
('20260037', 'Samuel', 'David', 'Tuazon', 'Male', '2008-09-09', 'Inarado', 'Daraga', 202, 1011),
('20260038', 'Trisha', 'Gail', 'Vallarez', 'Female', '2007-04-17', 'Kilicao', 'Daraga', 202, 1011),
('20260039', 'Ulysses', 'Cesar', 'Zamora', 'Male', '2008-10-02', 'Malabog', 'Daraga', 202, 1011),
('20260040', 'Vanessa', 'C.', 'Almayda', 'Female', '2007-07-24', 'Matnog', 'Daraga', 202, 1011),
('20260041', 'Wyatt', 'Ross', 'Basabe', 'Male', '2008-12-30', 'Salvacion', 'Daraga', 202, 1011),
('20260042', 'Xandra', 'Yvonne', 'Cardano', 'Female', '2007-05-13', 'Tagas', 'Daraga', 202, 1011),
('20260043', 'Yusuf', 'Ali', 'Dioneda', 'Male', '2008-01-22', 'Anislag', 'Daraga', 202, 1011),
('20260044', 'Zoe', 'Isabelle', 'Estipona', 'Female', '2007-08-04', 'Binitayan', 'Daraga', 202, 1011),
('20260045', 'Aidan', 'Drake', 'Frondoza', 'Male', '2008-04-19', 'Busay', 'Daraga', 202, 1011),
('20260046', 'Brianna', 'Claire', 'Goyena', 'Female', '2007-03-29', 'Cullat', 'Daraga', 202, 1011),
('20260047', 'Cedrick', 'John', 'Honrado', 'Male', '2008-11-11', 'Inarado', 'Daraga', 202, 1011),
('20260048', 'Danica', 'Faye', 'Icaro', 'Female', '2007-06-18', 'Kimantong', 'Daraga', 202, 1011),
('20260049', 'Elijah', 'Kent', 'Jalmanzar', 'Male', '2008-02-05', 'Lacag', 'Daraga', 202, 1011),
('20260050', 'Francine', 'G.', 'Lanuza', 'Female', '2007-10-12', 'Malabog', 'Daraga', 202, 1011),
('20260051', 'Gerald', 'M.', 'Manansala', 'Male', '2008-07-31', 'Matnog', 'Daraga', 202, 1011),
('20260052', 'Hazel', 'Anne', 'Navarro', 'Female', '2007-01-25', 'Mayon', 'Daraga', 202, 1011),
('20260053', 'Isaac', 'Newton', 'Ocampo', 'Male', '2008-05-08', 'Pandora', 'Daraga', 202, 1011),
('20260054', 'Juliana', 'Marie', 'Perez', 'Female', '2007-08-16', 'Peñafrancia', 'Daraga', 202, 1011),
('20260055', 'Kurt', 'Russell', 'Quinto', 'Male', '2008-03-03', 'Sagpon', 'Daraga', 202, 1011),
('20260056', 'Leila', 'Sofia', 'Reyes', 'Female', '2007-12-28', 'Salvacion', 'Daraga', 202, 1011),
('20260057', 'Nathan', 'Jake', 'Santos', 'Male', '2008-06-10', 'San Roque', 'Daraga', 202, 1011),
('20260058', 'Olivia', 'Kate', 'Tiongson', 'Female', '2007-02-14', 'Tagas', 'Daraga', 202, 1011),
('20260059', 'Patrick', 'Star', 'Ubaldo', 'Male', '2008-09-20', 'Villahermosa', 'Daraga', 202, 1011),
('20260060', 'Queenie', 'Rose', 'Valdez', 'Female', '2007-04-26', 'Bascaran', 'Daraga', 202, 1011),
('20260061', 'Renz', 'Mikel', 'Wong', 'Male', '2008-10-15', 'Bogtong', 'Legazpi', 202, 1011),
('20260062', 'Sofia', 'Bianca', 'Yanto', 'Female', '2007-07-01', 'Gogon', 'Legazpi', 202, 1011),
('20260063', 'Tyler', 'Durden', 'Zuniga', 'Male', '2008-12-05', 'Rawis', 'Legazpi', 202, 1011),
('20260064', 'Abigail', 'Mae', 'Arandia', 'Female', '2007-05-19', 'Bitano', 'Legazpi', 202, 1011),
('20260065', 'Brandon', 'Cole', 'Belmonte', 'Male', '2008-01-30', 'Bonot', 'Legazpi', 202, 1011),
('20260066', 'Chloe', 'Isabel', 'Casas', 'Female', '2007-08-22', 'Cruzada', 'Legazpi', 202, 1011),
('20260067', 'Dominic', 'Savio', 'Dela Torre', 'Male', '2008-04-10', 'Dap-dap', 'Legazpi', 202, 1011),
('20260068', 'Erica', 'Jane', 'Flores', 'Female', '2007-03-05', 'Ilawod', 'Legazpi', 202, 1011),
('20260069', 'Felix', 'The Cat', 'Gomez', 'Male', '2008-11-27', 'Maoyod', 'Legazpi', 202, 1011),
('20260070', 'Giselle', 'Lao', 'Hidalgo', 'Female', '2007-06-14', 'Pinaric', 'Legazpi', 202, 1011);

-- --------------------------------------------------------

--
-- Table structure for table `subject`
--

CREATE TABLE `subject` (
  `subject_id` int(11) NOT NULL,
  `subject_name` varchar(50) NOT NULL,
  `subject_description` varchar(255) DEFAULT NULL
) ENGINE=InnoDB DEFAULT CHARSET=utf8mb4 COLLATE=utf8mb4_general_ci;

--
-- Dumping data for table `subject`
--

INSERT INTO `subject` (`subject_id`, `subject_name`, `subject_description`) VALUES
(501, 'Information Management', 'Database systems and relational modeling'),
(502, 'Computer Programming', 'Fundamentals of C++ and Java'),
(503, 'Science and Technology', 'General Science Concepts'),
(504, 'Mathematics 10', 'Algebra, Geometry, and Trigonometry fundamentals'),
(505, 'Science 10', 'Physics, Chemistry, and Earth Science'),
(506, 'English 10', 'World Literature and Advanced Composition'),
(507, 'Filipino 10', 'Panitikan ng Daigdig at El Filibusterismo'),
(508, 'Araling Panlipunan 10', 'Contemporary Issues and Civic Engagement'),
(509, 'MAPEH 10', 'Music, Arts, Physical Education, and Health'),
(510, 'EsP 10', 'Edukasyon sa Pagpapakatao / Values Education'),
(511, 'TLE - ICT 10', 'Computer Systems Servicing and Networking'),
(512, 'Research 1', 'Fundamentals of Scientific Investigation'),
(513, 'Statistics', 'Basic Probability and Data Analysis'),
(514, 'Journalism', 'Campus Journalism and Media Literacy'),
(515, 'Elective - Drafting', 'Technical Drawing and Architectural Basics');

--
-- Indexes for dumped tables
--

--
-- Indexes for table `account`
--
ALTER TABLE `account`
  ADD PRIMARY KEY (`account_id`),
  ADD KEY `Account_FK` (`personnel_id`);

--
-- Indexes for table `attendance`
--
ALTER TABLE `attendance`
  ADD PRIMARY KEY (`attendance_id`),
  ADD KEY `Attendance_FK1` (`stud_lrn`),
  ADD KEY `Attendance_FK2` (`class_id`),
  ADD KEY `Attendance_FK3` (`teacher_id`);

--
-- Indexes for table `class_section`
--
ALTER TABLE `class_section`
  ADD PRIMARY KEY (`class_id`),
  ADD KEY `Class_FK` (`adviser_id`);

--
-- Indexes for table `forms`
--
ALTER TABLE `forms`
  ADD PRIMARY KEY (`form_id`),
  ADD KEY `Forms_FK` (`registrar_id`);

--
-- Indexes for table `grades`
--
ALTER TABLE `grades`
  ADD PRIMARY KEY (`grade_id`),
  ADD KEY `Grades_FK1` (`stud_lrn`),
  ADD KEY `Grades_FK2` (`subject_id`),
  ADD KEY `Grades_FK3` (`teacher_id`);

--
-- Indexes for table `grade_details`
--
ALTER TABLE `grade_details`
  ADD PRIMARY KEY (`detail_id`),
  ADD KEY `GradeDetails_FK` (`grade_id`);

--
-- Indexes for table `personnel`
--
ALTER TABLE `personnel`
  ADD PRIMARY KEY (`personnel_id`);

--
-- Indexes for table `student`
--
ALTER TABLE `student`
  ADD PRIMARY KEY (`stud_lrn`),
  ADD KEY `Student_FK1` (`class_id`),
  ADD KEY `Student_FK2` (`adviser_id`),
  ADD KEY `idx_student_name` (`last_name`);

--
-- Indexes for table `subject`
--
ALTER TABLE `subject`
  ADD PRIMARY KEY (`subject_id`);

--
-- AUTO_INCREMENT for dumped tables
--

--
-- AUTO_INCREMENT for table `account`
--
ALTER TABLE `account`
  MODIFY `account_id` int(11) NOT NULL AUTO_INCREMENT, AUTO_INCREMENT=87;

--
-- AUTO_INCREMENT for table `attendance`
--
ALTER TABLE `attendance`
  MODIFY `attendance_id` int(11) NOT NULL AUTO_INCREMENT, AUTO_INCREMENT=626;

--
-- AUTO_INCREMENT for table `grades`
--
ALTER TABLE `grades`
  MODIFY `grade_id` int(11) NOT NULL AUTO_INCREMENT, AUTO_INCREMENT=71;

--
-- AUTO_INCREMENT for table `grade_details`
--
ALTER TABLE `grade_details`
  MODIFY `detail_id` int(11) NOT NULL AUTO_INCREMENT, AUTO_INCREMENT=395;

--
-- Constraints for dumped tables
--

--
-- Constraints for table `account`
--
ALTER TABLE `account`
  ADD CONSTRAINT `Account_FK` FOREIGN KEY (`personnel_id`) REFERENCES `personnel` (`personnel_id`);

--
-- Constraints for table `attendance`
--
ALTER TABLE `attendance`
  ADD CONSTRAINT `Attendance_FK1` FOREIGN KEY (`stud_lrn`) REFERENCES `student` (`stud_lrn`),
  ADD CONSTRAINT `Attendance_FK2` FOREIGN KEY (`class_id`) REFERENCES `class_section` (`class_id`),
  ADD CONSTRAINT `Attendance_FK3` FOREIGN KEY (`teacher_id`) REFERENCES `personnel` (`personnel_id`);

--
-- Constraints for table `class_section`
--
ALTER TABLE `class_section`
  ADD CONSTRAINT `Class_FK` FOREIGN KEY (`adviser_id`) REFERENCES `personnel` (`personnel_id`);

--
-- Constraints for table `forms`
--
ALTER TABLE `forms`
  ADD CONSTRAINT `Forms_FK` FOREIGN KEY (`registrar_id`) REFERENCES `personnel` (`personnel_id`);

--
-- Constraints for table `grades`
--
ALTER TABLE `grades`
  ADD CONSTRAINT `Grades_FK1` FOREIGN KEY (`stud_lrn`) REFERENCES `student` (`stud_lrn`),
  ADD CONSTRAINT `Grades_FK2` FOREIGN KEY (`subject_id`) REFERENCES `subject` (`subject_id`),
  ADD CONSTRAINT `Grades_FK3` FOREIGN KEY (`teacher_id`) REFERENCES `personnel` (`personnel_id`);

--
-- Constraints for table `grade_details`
--
ALTER TABLE `grade_details`
  ADD CONSTRAINT `GradeDetails_FK` FOREIGN KEY (`grade_id`) REFERENCES `grades` (`grade_id`);

--
-- Constraints for table `student`
--
ALTER TABLE `student`
  ADD CONSTRAINT `Student_FK1` FOREIGN KEY (`class_id`) REFERENCES `class_section` (`class_id`),
  ADD CONSTRAINT `Student_FK2` FOREIGN KEY (`adviser_id`) REFERENCES `personnel` (`personnel_id`);
COMMIT;

/*!40101 SET CHARACTER_SET_CLIENT=@OLD_CHARACTER_SET_CLIENT */;
/*!40101 SET CHARACTER_SET_RESULTS=@OLD_CHARACTER_SET_RESULTS */;
/*!40101 SET COLLATION_CONNECTION=@OLD_COLLATION_CONNECTION */;
